﻿Тип анимации,Этап,Название этапа,Длительность,Описание,Эффекты
Успешная атака,1,Подготовка,0.2-0.3 сек,Карта атакующего слегка увеличивается (scale 1.1x) и подсвечивается,Свечение контура карты; Легкая пульсация; Звук 'whoosh'
Успешная атака,2,Траектория,0.3-0.4 сек,Визуальный эффект перемещения от атакующего к цели,"Трейл-эффект от карты к цели; Частицы энергии вдоль траектории; Цвет зависит от типа атаки (красный для физической, синий для магической)"
Успешная атака,3,Удар,0.2-0.25 сек,Момент попадания по цели,Вспышка на карте противника; Карта цели отклоняется назад (shake/knockback); Партиклы разлетаются от точки удара; Screen shake (легкая тряска экрана); Звук удара (impact)
Успешная атака,4,Урон,0.3-0.4 сек,Отображение урона и обратная связь,"Всплывающий текст с цифрами урона (красный цвет, движение вверх с затуханием); HP бар цели анимированно уменьшается; Красная вспышка по краям карты жертвы; Звук получения урона"
Блокировка атаки,1,Подготовка атаки,0.2-0.3 сек,Аналогично успешной атаке - подготовка,Карта атакующего увеличивается; Начальное свечение
Блокировка атаки,2,Траектория к цели,0.3 сек,Атака движется к цели,Трейл эффект; Частицы энергии
Блокировка атаки,3,Блок,0.3-0.4 сек,Момент блокировки удара,Щит-эффект появляется перед картой защитника (синий/золотой); Блеск и искры от столкновения со щитом; Атака 'отскакивает' обратно (bounce effect); Текст 'БЛОК' или 'ЗАЩИТА' появляется над защитником; Звук металлического лязга или барьера
Блокировка атаки,4,Последствия,0.3 сек,Визуальная обратная связь о блоке,Карта защитника слегка светится (показывает успешную защиту); Частицы рассеиваются; Карта атакующего возвращается в нормальное состояние с легким 'отталкиванием'
Критическая атака,1,Подготовка (усиленная),0.3-0.4 сек,"Более драматичная подготовка, показывающая важность удара",Карта атакующего сильно увеличивается (scale 1.2-1.3x); Интенсивное красно-желтое свечение; Искры и молнии вокруг карты; Время замедляется (slow-motion effect); Предупредительный звук (charge up)
Критическая атака,2,Траектория (усиленная),0.4-0.5 сек,Мощный визуальный эффект перемещения,"Толстый яркий трейл (красный-оранжевый градиент); Множество энергетических частиц; Искажение воздуха вдоль траектории; Возможен луч или молния; Экран слегка затемняется, фокус на атаке"
Критическая атака,3,Критический удар,0.3-0.4 сек,Драматичный момент попадания,Мощная вспышка (весь экран); Радиальный взрыв частиц от точки удара; Сильный knockback - карта цели значительно отклоняется; Сильная тряска экрана; Молниеносные эффекты; Звездочки/символы разлетаются; Громкий импактный звук + визг
Критическая атака,4,Отображение урона (драматичное),0.5-0.6 сек,Максимальная визуальная обратная связь,"БОЛЬШОЙ текст 'КРИТИЧЕСКИЙ УДАР!' или 'КРИТ!' (золотой/красный); Цифры урона появляются крупнее и ярче (с эффектом explosion); Множественные всплывающие текстовые эффекты; HP бар быстро уменьшается с дополнительным свечением; Карта жертвы мигает красным несколько раз; Длительное послесвечение; Дополнительные визуальные элементы (звезды, молнии, искры продолжают падать)"
Критическая атака,5,Эпический финал,0.3 сек,Завершающий эффект,Все эффекты постепенно затухают; Камера возвращается в нормальное положение; Финальная вспышка перед исчезновением эффектов
