﻿Элемент,Успешная атака,Блокировка,Критическая атака
Подготовка карты,"Scale 1.1x, легкое свечение","Scale 1.1x, легкое свечение","Scale 1.2-1.3x, интенсивное свечение + молнии"
Трейл-эффект,"Средний трейл, красный/синий",Средний трейл,Толстый яркий трейл с искажением воздуха
Момент удара,"Вспышка, небольшой knockback","Щит-эффект, bounce обратно","Полноэкранная вспышка, сильный knockback"
Тряска экрана,2-3px (легкая),Нет или 1-2px,8-12px (сильная)
Частицы,"10-15 частиц, средняя скорость",15-20 частиц вверх (искры от щита),"30-50 частиц, радиальный взрыв"
Текст урона,"Средний размер, красный, движение вверх","Текст ""БЛОК"" синий/золотой","БОЛЬШОЙ размер + ""КРИТ!"", золотой, с explosion эффектом"
Вспышка экрана,20-30% white overlay,10-20% blue overlay,40-60% white/gold overlay
Цветовая схема,"Красный #FF4444, оранжевый #FF8844","Синий #4444FF, голубой #88CCFF, золотой #FFD700","Красный #FF0000, оранжевый #FFAA00, золотой #FFD700, пурпурный #FF00FF"
Звуковые эффекты,Whoosh -> Impact -> Hurt звук,Whoosh -> Металлический лязг/барьер,Charge up -> Мощный impact -> Джингл крита -> Explosion
Общая длительность,1.0-1.4 сек,1.1-1.3 сек,1.8-2.3 сек
Специальные эффекты,HP бар уменьшается плавно,"Эффект щита, отскок атаки","Slow motion, chromatic aberration, множественные вспышки"
